Date,Europe Brent Spot Price FOB (Dollars per Barrel)
1987-05-17,18.54
1987-05-24,18.6
1987-05-31,18.7
1987-06-07,18.75
1987-06-14,19.01
1987-06-21,18.91
1987-06-28,19.16
1987-07-05,19.57
1987-07-12,20.2
1987-07-19,20.19
1987-07-26,19.86
1987-08-02,20.16
1987-08-09,19.41
1987-08-16,18.5
1987-08-23,17.92
1987-08-30,18.35
1987-09-06,17.93
1987-09-13,18.39
1987-09-20,18.5
1987-09-27,18.56
1987-10-04,18.64
1987-10-11,18.69
1987-10-18,18.98
1987-10-25,18.79
1987-11-01,18.15
1987-11-08,17.74
1987-11-15,17.47
1987-11-22,17.78
1987-11-29,17.8
1987-12-06,17.61
1987-12-13,15.91
1987-12-20,16.61
1987-12-27,17.46
1988-01-03,17.45
1988-01-10,16.44
1988-01-17,16.91
1988-01-24,16.24
1988-01-31,16.14
1988-02-07,16.18
1988-02-14,15.64
1988-02-21,15.16
1988-02-28,14.14
1988-03-06,14.21
1988-03-13,14.48
1988-03-20,15.38
1988-03-27,15.62
1988-04-03,15.49
1988-04-10,16.55
1988-04-17,17.09
1988-04-24,17.04
1988-05-01,16.16
1988-05-08,16.45
1988-05-15,16.46
1988-05-22,16.23
1988-05-29,16.31
1988-06-05,16.18
1988-06-12,15.6
1988-06-19,15.09
1988-06-26,14.49
1988-07-03,14.62
1988-07-10,14.22
1988-07-17,15.37
1988-07-24,15.62
1988-07-31,15.06
1988-08-07,15.22
1988-08-14,14.81
1988-08-21,14.76
1988-08-28,14.3
1988-09-04,13.35
1988-09-11,13.35
1988-09-18,13.09
1988-09-25,12.57
1988-10-02,11.42
1988-10-09,12.55
1988-10-16,13.36
1988-10-23,12.26
1988-10-30,12.48
1988-11-06,12.82
1988-11-13,12.57
1988-11-20,13.3
1988-11-27,14.61
1988-12-04,14.76
1988-12-11,15.38
1988-12-18,15.31
1988-12-25,16.12
1989-01-01,16.59
1989-01-08,16.98
1989-01-15,17.9
1989-01-22,17.33
1989-01-29,16.67
1989-02-05,16.57
1989-02-12,16.88
1989-02-19,17.14
1989-02-26,17.44
1989-03-05,17.65
1989-03-12,18.81
1989-03-19,19.58
1989-03-26,19.91
1989-04-02,19.56
1989-04-09,19.8
1989-04-16,21.09
1989-04-23,20.84
1989-04-30,19.28
1989-05-07,19.04
1989-05-14,18.9
1989-05-21,17.82
1989-05-28,18.05
1989-06-04,18.19
1989-06-11,16.9
1989-06-18,17.24
1989-06-25,18.18
1989-07-02,18.38
1989-07-09,17.72
1989-07-16,17.95
1989-07-23,16.7
1989-07-30,16.24
1989-08-06,16.54
1989-08-13,16.93
1989-08-20,17.02
1989-08-27,17.15
1989-09-03,17.66
1989-09-10,17.94
1989-09-17,17.83
1989-09-24,17.72
1989-10-01,18.59
1989-10-08,18.9
1989-10-15,19.37
1989-10-22,18.75
1989-10-29,19.07
1989-11-05,18.93
1989-11-12,18.72
1989-11-19,18.59
1989-11-26,18.41
1989-12-03,19.24
1989-12-10,19.62
1989-12-17,20.22
1989-12-24,20.93
1989-12-31,22.37
1990-01-07,21.67
1990-01-14,21.05
1990-01-21,20.49
1990-01-28,20.65
1990-02-04,20.26
1990-02-11,19.82
1990-02-18,19.45
1990-02-25,19.17
1990-03-04,18.94
1990-03-11,18.41
1990-03-18,17.81
1990-03-25,18.04
1990-04-01,17.8
1990-04-08,15.89
1990-04-15,15.88
1990-04-22,16.65
1990-04-29,16.17
1990-05-06,16.34
1990-05-13,17.24
1990-05-20,16.12
1990-05-27,15.55
1990-06-03,14.93
1990-06-10,15.01
1990-06-17,14.9
1990-06-24,15.52
1990-07-01,15.39
1990-07-08,15.83
1990-07-15,17.77
1990-07-22,18.91
1990-07-29,20.9
1990-08-05,26.4
1990-08-12,27.18
1990-08-19,30.48
1990-08-26,27.65
1990-09-02,31.09
1990-09-09,32.01
1990-09-16,35.71
1990-09-23,40.79
1990-09-30,37.64
1990-10-07,40.27
1990-10-14,36.28
1990-10-21,30.63
1990-10-28,35.03
1990-11-04,34.13
1990-11-11,32.24
1990-11-18,31.01
1990-11-25,33.98
1990-12-02,29.72
1990-12-09,28.06
1990-12-16,27.67
1990-12-23,27.47
1990-12-30,26.06
1991-01-06,25.33
1991-01-13,25.86
1991-01-20,20.77
1991-01-27,20.72
1991-02-03,20.63
1991-02-10,20.44
1991-02-17,18.13
1991-02-24,18.66
1991-03-03,19.77
1991-03-10,19.28
1991-03-17,18.8
1991-03-24,18.27
1991-03-31,17.95
1991-04-07,19.17
1991-04-14,19.71
1991-04-21,19.63
1991-04-28,19.72
1991-05-05,19.81
1991-05-12,18.9
1991-05-19,18.82
1991-05-26,18.87
1991-06-02,18.55
1991-06-09,17.86
1991-06-16,18.06
1991-06-23,18.2
1991-06-30,18.55
1991-07-07,19.24
1991-07-14,20.02
1991-07-21,19.66
1991-07-28,19.57
1991-08-04,19.52
1991-08-11,19.39
1991-08-18,20.09
1991-08-25,20.17
1991-09-01,20.34
1991-09-08,20.08
1991-09-15,20.47
1991-09-22,20.94
1991-09-29,21.49
1991-10-06,22.11
1991-10-13,22.75
1991-10-20,22.54
1991-10-27,22.05
1991-11-03,22.18
1991-11-10,21.36
1991-11-17,20.76
1991-11-24,19.85
1991-12-01,19.24
1991-12-08,18.45
1991-12-15,18.31
1991-12-22,17.73
1991-12-29,18.18
1992-01-05,17.77
1992-01-12,18.37
1992-01-19,18.11
1992-01-26,18.28
1992-02-02,18.47
1992-02-09,18.58
1992-02-16,17.74
1992-02-23,17.42
1992-03-01,17.28
1992-03-08,17.4
1992-03-15,17.73
1992-03-22,17.75
1992-03-29,18.52
1992-04-05,19.01
1992-04-12,18.86
1992-04-19,18.86
1992-04-26,19.37
1992-05-03,19.76
1992-05-10,19.79
1992-05-17,19.49
1992-05-24,20.68
1992-05-31,21.08
1992-06-07,21.21
1992-06-14,21.16
1992-06-21,21.31
1992-06-28,20.62
1992-07-05,19.95
1992-07-12,20.02
1992-07-19,20.26
1992-07-26,20.58
1992-08-02,19.88
1992-08-09,19.68
1992-08-16,19.79
1992-08-23,19.62
1992-08-30,19.9
1992-09-06,20.28
1992-09-13,20.45
1992-09-20,20.35
1992-09-27,20.26
1992-10-04,20.33
1992-10-11,20.76
1992-10-18,20.37
1992-10-25,19.55
1992-11-01,19.19
1992-11-08,19.25
1992-11-15,19.28
1992-11-22,19.12
1992-11-29,18.57
1992-12-06,18.12
1992-12-13,18.04
1992-12-20,18.23
1992-12-27,17.87
1993-01-03,17.51
1993-01-10,17.05
1993-01-17,16.98
1993-01-24,18.0
1993-01-31,18.58
1993-02-07,18.45
1993-02-14,18.05
1993-02-21,18.81
1993-02-28,19.15
1993-03-07,19.02
1993-03-14,18.66
1993-03-21,18.42
1993-03-28,18.73
1993-04-04,18.71
1993-04-11,18.66
1993-04-18,18.56
1993-04-25,18.67
1993-05-02,18.96
1993-05-09,18.76
1993-05-16,18.15
1993-05-23,18.25
1993-05-30,18.34
1993-06-06,18.06
1993-06-13,17.31
1993-06-20,17.2
1993-06-27,17.15
1993-07-04,16.8
1993-07-11,16.66
1993-07-18,16.68
1993-07-25,16.95
1993-08-01,16.6
1993-08-08,16.61
1993-08-15,16.72
1993-08-22,16.85
1993-08-29,16.53
1993-09-05,15.78
1993-09-12,15.47
1993-09-19,16.03
1993-09-26,16.72
1993-10-03,16.9
1993-10-10,16.96
1993-10-17,16.61
1993-10-24,15.86
1993-10-31,15.76
1993-11-07,15.22
1993-11-14,15.36
1993-11-21,14.87
1993-11-28,14.16
1993-12-05,13.73
1993-12-12,13.99
1993-12-19,13.52
1993-12-26,13.17
1994-01-02,14.18
1994-01-09,14.0
1994-01-16,14.22
1994-01-23,14.64
1994-01-30,15.13
1994-02-06,13.91
1994-02-13,13.18
1994-02-20,13.24
1994-02-27,13.5
1994-03-06,13.3
1994-03-13,14.18
1994-03-20,14.59
1994-03-27,13.4
1994-04-03,14.34
1994-04-10,15.01
1994-04-17,15.56
1994-04-24,15.84
1994-05-01,16.0
1994-05-08,16.29
1994-05-15,16.08
1994-05-22,16.35
1994-05-29,16.26
1994-06-05,16.06
1994-06-12,16.67
1994-06-19,17.44
1994-06-26,17.34
1994-07-03,17.06
1994-07-10,18.09
1994-07-17,17.42
1994-07-24,17.82
1994-07-31,18.44
1994-08-07,17.51
1994-08-14,16.43
1994-08-21,15.59
1994-08-28,15.93
1994-09-04,15.91
1994-09-11,15.45
1994-09-18,15.85
1994-09-25,16.35
1994-10-02,16.72
1994-10-09,16.07
1994-10-16,16.21
1994-10-23,16.82
1994-10-30,17.58
1994-11-06,17.46
1994-11-13,16.8
1994-11-20,17.06
1994-11-27,16.85
1994-12-04,16.0
1994-12-11,15.72
1994-12-18,15.62
1994-12-25,16.19
1995-01-01,16.07
1995-01-08,16.23
1995-01-15,16.88
1995-01-22,16.85
1995-01-29,16.99
1995-02-05,16.97
1995-02-12,17.1
1995-02-19,17.18
1995-02-26,16.93
1995-03-05,16.7
1995-03-12,16.41
1995-03-19,17.17
1995-03-26,17.94
1995-04-02,18.24
1995-04-09,18.37
1995-04-16,18.9
1995-04-23,19.07
1995-04-30,18.81
1995-05-07,18.26
1995-05-14,18.42
1995-05-21,18.24
1995-05-28,17.65
1995-06-04,17.98
1995-06-11,17.76
1995-06-18,16.67
1995-06-25,16.64
1995-07-02,16.11
1995-07-09,15.92
1995-07-16,15.65
1995-07-23,15.75
1995-07-30,16.02
1995-08-06,16.07
1995-08-13,15.89
1995-08-20,16.29
1995-08-27,16.22
1995-09-03,16.69
1995-09-10,16.94
1995-09-17,16.89
1995-09-24,16.37
1995-10-01,16.23
1995-10-08,15.98
1995-10-15,15.96
1995-10-22,16.12
1995-10-29,16.65
1995-11-05,16.79
1995-11-12,16.75
1995-11-19,16.82
1995-11-26,17.21
1995-12-03,17.53
1995-12-10,17.78
1995-12-17,18.14
1995-12-24,18.72
1995-12-31,19.18
1996-01-07,18.53
1996-01-14,17.61
1996-01-21,17.19
1996-01-28,16.64
1996-02-04,16.99
1996-02-11,17.98
1996-02-18,18.79
1996-02-25,18.77
1996-03-03,18.84
1996-03-10,19.3
1996-03-17,20.55
1996-03-24,20.98
1996-03-31,20.94
1996-04-07,22.67
1996-04-14,20.52
1996-04-21,20.28
1996-04-28,19.47
1996-05-05,19.63
1996-05-12,19.06
1996-05-19,19.2
1996-05-26,18.67
1996-06-02,18.31
1996-06-09,18.16
1996-06-16,18.56
1996-06-23,18.8
1996-06-30,19.62
1996-07-07,19.8
1996-07-14,19.93
1996-07-21,19.3
1996-07-28,19.07
1996-08-04,19.73
1996-08-11,20.95
1996-08-18,21.15
1996-08-25,20.78
1996-09-01,22.18
1996-09-08,23.08
1996-09-15,22.11
1996-09-22,22.85
1996-09-29,23.59
1996-10-06,24.18
1996-10-13,24.77
1996-10-20,24.7
1996-10-27,23.2
1996-11-03,21.99
1996-11-10,22.88
1996-11-17,23.21
1996-11-24,23.05
1996-12-01,24.18
1996-12-08,23.27
1996-12-15,23.97
1996-12-22,23.57
1996-12-29,24.12
1997-01-05,24.67
1997-01-12,23.22
1997-01-19,22.9
1997-01-26,22.98
1997-02-02,22.53
1997-02-09,20.83
1997-02-16,20.54
1997-02-23,19.83
1997-03-02,19.36
1997-03-09,19.1
1997-03-16,19.51
1997-03-23,18.73
1997-03-30,17.84
1997-04-06,17.14
1997-04-13,17.33
1997-04-20,17.76
1997-04-27,18.08
1997-05-04,18.06
1997-05-11,19.42
1997-05-18,19.91
1997-05-25,19.14
1997-06-01,18.3
1997-06-08,16.88
1997-06-15,17.27
1997-06-22,17.74
1997-06-29,18.41
1997-07-06,18.17
1997-07-13,18.26
1997-07-20,18.57
1997-07-27,18.96
1997-08-03,19.17
1997-08-10,18.63
1997-08-17,18.6
1997-08-24,17.83
1997-08-31,18.1
1997-09-07,18.11
1997-09-14,18.22
1997-09-21,18.83
1997-09-28,20.14
1997-10-05,20.75
1997-10-12,19.55
1997-10-19,19.56
1997-10-26,19.27
1997-11-02,19.14
1997-11-09,19.59
1997-11-16,19.2
1997-11-23,18.85
1997-11-30,17.92
1997-12-07,17.32
1997-12-14,17.04
1997-12-21,17.06
1997-12-28,16.0
1998-01-04,15.38
1998-01-11,14.92
1998-01-18,14.72
1998-01-25,15.61
1998-02-01,14.92
1998-02-08,14.36
1998-02-15,13.68
1998-02-22,13.32
1998-03-01,13.13
1998-03-08,12.31
1998-03-15,11.95
1998-03-22,14.61
1998-03-29,13.79
1998-04-05,12.99
1998-04-12,13.55
1998-04-19,13.64
1998-04-26,14.0
1998-05-03,13.95
1998-05-10,14.39
1998-05-17,14.56
1998-05-24,14.45
1998-05-31,13.63
1998-06-07,12.46
1998-06-14,10.92
1998-06-21,11.96
1998-06-28,11.87
1998-07-05,11.66
1998-07-12,12.04
1998-07-19,12.12
1998-07-26,12.61
1998-08-02,12.1
1998-08-09,11.39
1998-08-16,12.0
1998-08-23,12.16
1998-08-30,12.42
1998-09-06,12.61
1998-09-13,12.92
1998-09-20,14.55
1998-09-27,14.43
1998-10-04,13.61
1998-10-11,12.45
1998-10-18,11.74
1998-10-25,12.35
1998-11-01,11.9
1998-11-08,11.36
1998-11-15,10.56
1998-11-22,10.56
1998-11-29,9.85
1998-12-06,9.44
1998-12-13,9.89
1998-12-20,9.78
1998-12-27,10.41
1999-01-03,10.94
1999-01-10,11.36
1999-01-17,11.04
1999-01-24,11.11
1999-01-31,10.52
1999-02-07,9.88
1999-02-14,10.07
1999-02-21,10.58
1999-02-28,10.79
1999-03-07,11.67
1999-03-14,12.75
1999-03-21,13.57
1999-03-28,14.62
1999-04-04,14.12
1999-04-11,14.7
1999-04-18,16.07
1999-04-25,16.18
1999-05-02,16.48
1999-05-09,15.22
1999-05-16,14.55
1999-05-23,14.9
1999-05-30,14.49
1999-06-06,16.13
1999-06-13,16.12
1999-06-20,16.03
1999-06-27,16.88
1999-07-04,18.62
1999-07-11,19.25
1999-07-18,19.28
1999-07-25,19.76
1999-08-01,19.44
1999-08-08,20.21
1999-08-15,20.8
1999-08-22,20.25
1999-08-29,20.9
1999-09-05,21.94
1999-09-12,23.08
1999-09-19,23.02
1999-09-26,23.25
1999-10-03,22.42
1999-10-10,21.78
1999-10-17,21.79
1999-10-24,21.82
1999-10-31,22.22
1999-11-07,24.77
1999-11-14,25.19
1999-11-21,25.82
1999-11-28,25.35
1999-12-05,25.74
1999-12-12,25.44
1999-12-19,25.41
1999-12-26,25.28
2000-01-02,23.64
2000-01-09,24.34
2000-01-16,26.38
2000-01-23,26.99
2000-01-30,27.33
2000-02-06,27.63
2000-02-13,27.81
2000-02-20,27.76
2000-02-27,29.49
2000-03-05,30.3
2000-03-12,28.39
2000-03-19,25.47
2000-03-26,24.33
2000-04-02,23.28
2000-04-09,21.66
2000-04-16,22.98
2000-04-23,23.28
2000-04-30,24.96
2000-05-07,26.9
2000-05-14,28.67
2000-05-21,29.05
2000-05-28,29.64
2000-06-04,28.67
2000-06-11,29.81
2000-06-18,29.78
2000-06-25,31.03
2000-07-02,30.9
2000-07-09,30.53
2000-07-16,27.95
2000-07-23,26.02
2000-07-30,26.48
2000-08-06,28.34
2000-08-13,30.07
2000-08-20,31.77
2000-08-27,34.32
2000-09-03,36.43
2000-09-10,33.26
2000-09-17,33.09
2000-09-24,29.41
2000-10-01,29.83
2000-10-08,31.83
2000-10-15,30.97
2000-10-22,31.35
2000-10-29,30.9
2000-11-05,31.59
2000-11-12,33.32
2000-11-19,33.46
2000-11-26,32.53
2000-12-03,28.28
2000-12-10,25.94
2000-12-17,23.48
2000-12-24,22.48
2000-12-31,24.05
2001-01-07,25.02
2001-01-14,25.37
2001-01-21,27.15
2001-01-28,27.19
2001-02-04,29.62
2001-02-11,27.63
2001-02-18,26.29
2001-02-25,25.26
2001-03-04,25.93
2001-03-11,24.33
2001-03-18,23.48
2001-03-25,24.04
2001-04-01,24.0
2001-04-08,26.0
2001-04-15,26.27
2001-04-22,26.05
2001-04-29,27.28
2001-05-06,27.77
2001-05-13,28.34
2001-05-20,29.31
2001-05-27,28.86
2001-06-03,28.87
2001-06-10,28.87
2001-06-17,26.82
2001-06-24,26.63
2001-07-01,25.9
2001-07-08,24.47
2001-07-15,23.47
2001-07-22,24.69
2001-07-29,24.83
2001-08-05,25.6
2001-08-12,25.41
2001-08-19,25.48
2001-08-26,26.57
2001-09-02,26.64
2001-09-09,28.47
2001-09-16,26.41
2001-09-23,20.95
2001-09-30,21.11
2001-10-07,20.91
2001-10-14,19.88
2001-10-21,20.46
2001-10-28,19.72
2001-11-04,19.31
2001-11-11,18.42
2001-11-18,18.57
2001-11-25,18.8
2001-12-02,18.99
2001-12-09,18.02
2001-12-16,18.74
2001-12-23,19.1
2001-12-30,20.29
2002-01-06,20.42
2002-01-13,18.52
2002-01-20,18.77
2002-01-27,19.3
2002-02-03,19.91
2002-02-10,20.99
2002-02-17,20.02
2002-02-24,20.6
2002-03-03,22.27
2002-03-10,23.42
2002-03-17,24.43
2002-03-24,25.03
2002-03-31,26.42
2002-04-07,24.89
2002-04-14,24.89
2002-04-21,26.24
2002-04-28,26.41
2002-05-05,26.15
2002-05-12,26.35
2002-05-19,24.61
2002-05-26,24.0
2002-06-02,22.99
2002-06-09,23.2
2002-06-16,24.55
2002-06-23,25.16
2002-06-30,25.63
2002-07-07,25.55
2002-07-14,26.28
2002-07-21,25.45
2002-07-28,25.68
2002-08-04,25.52
2002-08-11,26.44
2002-08-18,27.58
2002-08-25,27.53
2002-09-01,27.45
2002-09-08,28.51
2002-09-15,28.32
2002-09-22,29.17
2002-09-29,28.89
2002-10-06,28.17
2002-10-13,28.45
2002-10-20,26.62
2002-10-27,25.55
2002-11-03,24.3
2002-11-10,23.4
2002-11-17,24.16
2002-11-24,25.19
2002-12-01,25.91
2002-12-08,26.84
2002-12-15,29.56
2002-12-22,31.01
2002-12-29,30.97
2003-01-05,30.37
2003-01-12,31.48
2003-01-19,31.81
2003-01-26,31.2
2003-02-02,31.58
2003-02-09,32.79
2003-02-16,33.0
2003-02-23,33.72
2003-03-02,34.11
2003-03-09,33.72
2003-03-16,28.18
2003-03-23,26.95
2003-03-30,26.93
2003-04-06,24.96
2003-04-13,25.09
2003-04-20,24.88
2003-04-27,23.55
2003-05-04,24.31
2003-05-11,26.21
2003-05-18,27.19
2003-05-25,26.56
2003-06-01,27.92
2003-06-08,28.38
2003-06-15,26.88
2003-06-22,27.19
2003-06-29,28.4
2003-07-06,28.42
2003-07-13,28.74
2003-07-20,28.02
2003-07-27,28.52
2003-08-03,30.19
2003-08-10,29.6
2003-08-17,29.7
2003-08-24,30.12
2003-08-31,28.16
2003-09-07,27.57
2003-09-14,25.9
2003-09-21,26.49
2003-09-28,28.38
2003-10-05,29.88
2003-10-12,31.0
2003-10-19,29.66
2003-10-26,28.46
2003-11-02,28.05
2003-11-09,29.01
2003-11-16,29.61
2003-11-23,28.34
2003-11-30,28.93
2003-12-07,30.17
2003-12-14,30.87
2003-12-21,28.84
2003-12-28,29.78
2004-01-04,31.5
2004-01-11,31.7
2004-01-18,31.88
2004-01-25,30.39
2004-02-01,29.66
2004-02-08,30.12
2004-02-15,31.39
2004-02-22,32.27
2004-02-29,33.73
2004-03-07,33.36
2004-03-14,34.56
2004-03-21,33.59
2004-03-28,32.23
2004-04-04,32.75
2004-04-11,33.95
2004-04-18,33.7
2004-04-25,34.64
2004-05-02,36.38
2004-05-09,37.62
2004-05-16,38.43
2004-05-23,37.95
2004-05-30,37.25
2004-06-06,35.34
2004-06-13,35.09
2004-06-20,34.71
2004-06-27,34.0
2004-07-04,36.51
2004-07-11,37.76
2004-07-18,39.05
2004-07-25,40.66
2004-08-01,42.01
2004-08-08,43.16
2004-08-15,44.56
2004-08-22,42.23
2004-08-29,41.0
2004-09-05,40.6
2004-09-12,41.55
2004-09-19,45.3
2004-09-26,47.11
2004-10-03,48.09
2004-10-10,50.96
2004-10-17,50.5
2004-10-24,50.15
2004-10-31,45.78
2004-11-07,42.83
2004-11-14,40.63
2004-11-21,42.78
2004-11-28,41.31
2004-12-05,37.6
2004-12-12,39.98
2004-12-19,41.15
2004-12-26,39.79
2005-01-02,42.07
2005-01-09,44.59
2005-01-16,45.08
2005-01-23,45.82
2005-01-30,44.04
2005-02-06,43.29
2005-02-13,45.22
2005-02-20,48.23
2005-02-27,51.33
2005-03-06,53.09
2005-03-13,54.85
2005-03-20,53.76
2005-03-27,52.23
2005-04-03,53.79
2005-04-10,50.43
2005-04-17,51.23
2005-04-24,51.64
2005-05-01,50.05
2005-05-08,48.7
2005-05-15,46.98
2005-05-22,48.59
2005-05-29,50.46
2005-06-05,51.9
2005-06-12,54.17
2005-06-19,56.95
2005-06-26,56.69
2005-07-03,57.98
2005-07-10,57.43
2005-07-17,56.39
2005-07-24,58.5
2005-07-31,60.42
2005-08-07,64.46
2005-08-14,64.23
2005-08-21,65.68
2005-08-28,66.09
2005-09-04,63.24
2005-09-11,61.22
2005-09-18,63.63
2005-09-25,62.16
2005-10-02,58.93
2005-10-09,58.59
2005-10-16,58.15
2005-10-23,58.5
2005-10-30,58.74
2005-11-06,56.79
2005-11-13,53.77
2005-11-20,53.57
2005-11-27,53.59
2005-12-04,56.07
2005-12-11,58.75
2005-12-18,56.36
2005-12-25,57.38
2006-01-01,61.72
2006-01-08,62.18
2006-01-15,63.54
2006-01-22,63.77
2006-01-29,64.0
2006-02-05,61.23
2006-02-12,58.04
2006-02-19,59.39
2006-02-26,61.06
2006-03-05,59.5
2006-03-12,62.42
2006-03-19,61.61
2006-03-26,64.76
2006-04-02,66.93
2006-04-09,68.91
2006-04-16,72.54
2006-04-23,72.84
2006-04-30,72.92
2006-05-07,70.44
2006-05-14,67.84
2006-05-21,68.47
2006-05-28,68.75
2006-06-04,67.89
2006-06-11,66.17
2006-06-18,68.33
2006-06-25,71.82
2006-07-02,73.45
2006-07-09,73.99
2006-07-16,73.52
2006-07-23,73.53
2006-07-30,76.32
2006-08-06,76.98
2006-08-13,72.35
2006-08-20,71.92
2006-08-27,68.35
2006-09-03,65.76
2006-09-10,61.38
2006-09-17,60.23
2006-09-24,58.76
2006-10-01,57.15
2006-10-08,58.33
2006-10-15,58.51
2006-10-22,57.73
2006-10-29,56.48
2006-11-05,58.02
2006-11-12,57.85
2006-11-19,59.2
2006-11-26,62.59
2006-12-03,63.63
2006-12-10,62.56
2006-12-17,62.44
2006-12-24,59.69
2006-12-31,55.63
2007-01-07,51.79
2007-01-14,51.4
2007-01-21,54.87
2007-01-28,55.92
2007-02-04,57.9
2007-02-11,55.54
2007-02-18,58.16
2007-02-25,60.62
2007-03-04,60.35
2007-03-11,60.87
2007-03-18,61.09
2007-03-25,66.1
2007-04-01,68.54
2007-04-08,68.2
2007-04-15,66.21
2007-04-22,67.39
2007-04-29,66.04
2007-05-06,63.91
2007-05-13,67.55
2007-05-20,70.65
2007-05-27,68.45
2007-06-03,71.23
2007-06-10,69.89
2007-06-17,71.78
2007-06-24,71.76
2007-07-01,74.78
2007-07-08,77.76
2007-07-15,78.24
2007-07-22,76.66
2007-07-29,76.34
2007-08-05,70.7
2007-08-12,70.09
2007-08-19,68.44
2007-08-26,70.55
2007-09-02,75.06
2007-09-09,76.89
2007-09-16,78.17
2007-09-23,78.15
2007-09-30,77.98
2007-10-07,78.85
2007-10-14,84.29
2007-10-21,83.72
2007-10-28,90.42
2007-11-04,93.54
2007-11-11,90.74
2007-11-18,94.0
2007-11-25,92.16
2007-12-02,89.09
2007-12-09,90.24
2007-12-16,90.82
2007-12-23,94.39
2007-12-30,96.5
2008-01-06,94.4
2008-01-13,90.03
2008-01-20,88.46
2008-01-27,91.77
2008-02-03,89.88
2008-02-10,94.98
2008-02-17,97.12
2008-02-24,99.1
2008-03-02,101.9
2008-03-09,107.69
2008-03-16,103.05
2008-03-23,102.05
2008-03-30,100.88
2008-04-06,106.6
2008-04-13,110.42
2008-04-20,114.34
2008-04-27,111.98
2008-05-04,119.84
2008-05-11,122.58
2008-05-18,126.47
2008-05-25,128.76
2008-06-01,126.33
2008-06-08,134.12
2008-06-15,132.08
2008-06-22,135.54
2008-06-29,141.06
2008-07-06,137.43
2008-07-13,135.05
2008-07-20,126.7
2008-07-27,124.43
2008-08-03,116.56
2008-08-10,110.16
2008-08-17,111.66
2008-08-24,112.4
2008-08-31,103.68
2008-09-07,97.28
2008-09-14,89.35
2008-09-21,100.91
2008-09-28,91.9
2008-10-05,80.98
2008-10-12,69.28
2008-10-19,64.4
2008-10-26,60.61
2008-11-02,59.43
2008-11-09,53.27
2008-11-16,47.79
2008-11-23,48.53
2008-11-30,43.7
2008-12-07,41.01
2008-12-14,41.71
2008-12-21,35.38
2008-12-28,37.03
2009-01-04,45.25
2009-01-11,42.38
2009-01-18,41.67
2009-01-25,44.2
2009-02-01,43.64
2009-02-08,45.59
2009-02-15,40.91
2009-02-22,42.68
2009-03-01,43.86
2009-03-08,43.98
2009-03-15,46.43
2009-03-22,51.46
2009-03-29,48.49
2009-04-05,51.48
2009-04-12,51.59
2009-04-19,48.97
2009-04-26,49.92
2009-05-03,54.83
2009-05-10,56.39
2009-05-17,57.89
2009-05-24,62.2
2009-05-31,67.17
2009-06-07,69.88
2009-06-14,69.68
2009-06-21,67.58
2009-06-28,68.03
2009-07-05,60.39
2009-07-12,61.11
2009-07-19,66.56
2009-07-26,68.6
2009-08-02,73.99
2009-08-09,72.9
2009-08-16,71.52
2009-08-23,72.33
2009-08-30,67.6
2009-09-06,69.17
2009-09-13,68.85
2009-09-20,66.96
2009-09-27,65.9
2009-10-04,67.87
2009-10-11,72.29
2009-10-18,77.24
2009-10-25,76.07
2009-11-01,76.6
2009-11-08,76.25
2009-11-15,77.04
2009-11-22,76.52
2009-11-29,77.78
2009-12-06,73.14
2009-12-13,71.8
2009-12-20,73.35
2009-12-27,77.19
2010-01-03,79.82
2010-01-10,78.31
2010-01-17,74.28
2010-01-24,71.88
2010-01-31,72.54
2010-02-07,70.85
2010-02-14,75.8
2010-02-21,76.23
2010-02-28,77.86
2010-03-07,79.36
2010-03-14,79.05
2010-03-21,78.38
2010-03-28,80.59
2010-04-04,83.88
2010-04-11,85.23
2010-04-18,84.61
2010-04-25,85.98
2010-05-02,82.5
2010-05-09,78.32
2010-05-16,72.17
2010-05-23,70.79
2010-05-30,72.7
2010-06-06,72.76
2010-06-13,76.22
2010-06-20,76.64
2010-06-27,73.86
2010-07-04,73.95
2010-07-11,75.7
2010-07-18,76.64
2010-07-25,77.24
2010-08-01,82.69
2010-08-08,78.21
2010-08-15,74.94
2010-08-22,72.82
2010-08-29,75.41
2010-09-05,77.17
2010-09-12,78.44
2010-09-19,78.38
2010-09-26,79.82
2010-10-03,83.87
2010-10-10,83.11
2010-10-17,81.43
2010-10-24,82.25
2010-10-31,85.6
2010-11-07,87.43
2010-11-14,83.94
2010-11-21,83.5
2010-11-28,88.1
2010-12-05,90.25
2010-12-12,90.91
2010-12-19,92.9
2010-12-26,93.17
2011-01-02,94.72
2011-01-09,97.09
2011-01-16,97.34
2011-01-23,96.62
2011-01-30,100.36
2011-02-06,99.9
2011-02-13,102.81
2011-02-20,110.49
2011-02-27,114.53
2011-03-06,114.45
2011-03-13,112.67
2011-03-20,115.41
2011-03-27,116.49
2011-04-03,123.03
2011-04-10,123.57
2011-04-17,122.74
2011-04-24,125.36
2011-05-01,119.56
2011-05-08,114.53
2011-05-15,112.02
2011-05-22,113.41
2011-05-29,115.68
2011-06-05,117.73
2011-06-12,116.79
2011-06-19,110.18
2011-06-26,109.03
2011-07-03,115.39
2011-07-10,117.72
2011-07-17,118.2
2011-07-24,117.7
2011-07-31,112.65
2011-08-07,105.3
2011-08-14,109.54
2011-08-21,111.06
2011-08-28,116.1
2011-09-04,115.97
2011-09-11,114.98
2011-09-18,111.98
2011-09-25,107.69
2011-10-02,104.03
2011-10-09,111.59
2011-10-16,111.47
2011-10-23,111.33
2011-10-30,109.84
2011-11-06,114.68
2011-11-13,110.69
2011-11-20,106.66
2011-11-27,110.05
2011-12-04,109.31
2011-12-11,106.26
2011-12-18,107.72
2011-12-25,107.51
2012-01-01,112.51
2012-01-08,111.78
2012-01-15,109.6
2012-01-22,109.18
2012-01-29,111.2
2012-02-05,117.21
2012-02-12,119.79
2012-02-19,123.34
2012-02-26,124.88
2012-03-04,126.62
2012-03-11,126.22
2012-03-18,124.35
2012-03-25,124.43
2012-04-01,123.69
2012-04-08,120.87
2012-04-15,117.18
2012-04-22,118.1
2012-04-29,116.67
2012-05-06,111.78
2012-05-13,109.87
2012-05-20,108.14
2012-05-27,103.47
2012-06-03,99.03
2012-06-10,97.21
2012-06-17,92.46
2012-06-24,91.23
2012-07-01,98.8
2012-07-08,99.88
2012-07-15,105.4
2012-07-22,104.18
2012-07-29,107.27
2012-08-05,112.49
2012-08-12,115.04
2012-08-19,116.1
2012-08-26,113.02
2012-09-02,114.11
2012-09-09,115.41
2012-09-16,111.83
2012-09-23,110.35
2012-09-30,111.41
2012-10-07,114.88
2012-10-14,113.59
2012-10-21,108.27
2012-10-28,108.85
2012-11-04,107.78
2012-11-11,109.12
2012-11-18,110.26
2012-11-25,109.82
2012-12-02,109.08
2012-12-09,109.1
2012-12-16,109.79
2012-12-23,109.81
2012-12-30,112.35
2013-01-06,112.37
2013-01-13,111.35
2013-01-20,113.72
2013-01-27,115.13
2013-02-03,117.15
2013-02-10,118.1
2013-02-17,115.3
2013-02-24,112.42
2013-03-03,109.98
2013-03-10,108.41
2013-03-17,107.33
2013-03-24,107.68
2013-03-31,107.06
2013-04-07,103.25
2013-04-14,98.09
2013-04-21,100.61
2013-04-28,101.53
2013-05-05,103.77
2013-05-12,102.91
2013-05-19,102.3
2013-05-26,102.03
2013-06-02,102.92
2013-06-09,103.39
2013-06-16,103.93
2013-06-23,101.43
2013-06-30,105.18
2013-07-07,108.26
2013-07-14,109.41
2013-07-21,108.4
2013-07-28,108.61
2013-08-04,108.56
2013-08-11,110.73
2013-08-18,111.12
2013-08-25,115.32
2013-09-01,116.02
2013-09-08,113.22
2013-09-15,109.98
2013-09-22,108.8
2013-09-29,108.63
2013-10-06,110.3
2013-10-13,110.11
2013-10-20,107.82
2013-10-27,107.61
2013-11-03,104.54
2013-11-10,107.1
2013-11-17,109.32
2013-11-24,111.32
2013-12-01,112.28
2013-12-08,109.1
2013-12-15,110.34
2013-12-22,111.72
2013-12-29,108.73
2014-01-05,107.01
2014-01-12,107.83
2014-01-19,109.14
2014-01-26,108.83
2014-02-02,107.73
2014-02-09,109.12
2014-02-16,109.74
2014-02-23,109.17
2014-03-02,109.14
2014-03-09,108.01
2014-03-16,106.53
2014-03-23,106.54
2014-03-30,105.26
2014-04-06,106.51
2014-04-13,109.07
2014-04-20,109.21
2014-04-27,109.15
2014-05-04,108.48
2014-05-11,109.53
2014-05-18,110.72
2014-05-25,109.62
2014-06-01,108.98
2014-06-08,110.98
2014-06-15,114.29
2014-06-22,113.09
2014-06-29,110.26
2014-07-06,107.03
2014-07-13,105.39
2014-07-20,106.34
2014-07-27,105.71
2014-08-03,103.6
2014-08-10,101.94
2014-08-17,99.88
2014-08-24,100.64
2014-08-31,100.45
2014-09-07,97.32
2014-09-14,97.02
2014-09-21,95.01
2014-09-28,93.41
2014-10-05,90.19
2014-10-12,85.5
2014-10-19,85.58
2014-10-26,85.56
2014-11-02,83.04
2014-11-09,79.9
2014-11-16,77.62
2014-11-23,76.63
2014-11-30,69.72
2014-12-07,64.08
2014-12-14,59.77
2014-12-21,58.69
2014-12-28,56.03
2015-01-04,49.47
2015-01-11,46.58
2015-01-18,46.44
2015-01-25,46.76
2015-02-01,54.62
2015-02-08,56.57
2015-02-15,60.57
2015-02-22,60.63
2015-03-01,60.12
2015-03-08,56.51
2015-03-15,52.72
2015-03-22,55.01
2015-03-29,54.78
2015-04-05,56.51
2015-04-12,59.12
2015-04-19,61.41
2015-04-26,63.49
2015-05-03,65.01
2015-05-10,64.9
2015-05-17,64.31
2015-05-24,61.57
2015-05-31,61.9
2015-06-07,63.24
2015-06-14,60.65
2015-06-21,60.84
2015-06-28,60.36
2015-07-05,56.63
2015-07-12,57.17
2015-07-19,55.75
2015-07-26,54.14
2015-08-02,48.59
2015-08-09,47.94
2015-08-16,46.0
2015-08-23,43.53
2015-08-30,48.87
2015-09-06,47.6
2015-09-13,47.34
2015-09-20,47.33
2015-09-27,46.99
2015-10-04,51.33
2015-10-11,48.99
2015-10-18,46.81
2015-10-25,47.15
2015-11-01,47.23
2015-11-08,44.75
2015-11-15,41.54
2015-11-22,43.65
2015-11-29,42.41
2015-12-06,38.76
2015-12-13,36.84
2015-12-20,35.9
2015-12-27,36.55
2016-01-03,34.19
2016-01-10,29.1
2016-01-17,27.76
2016-01-24,31.75
2016-01-31,32.18
2016-02-07,30.41
2016-02-14,32.29
2016-02-21,33.12
2016-02-28,36.28
2016-03-06,39.3
2016-03-13,38.5
2016-03-20,39.4
2016-03-27,37.0
2016-04-03,37.51
2016-04-10,42.35
2016-04-17,43.04
2016-04-24,44.46
2016-05-01,44.2
2016-05-08,45.2
2016-05-15,48.34
2016-05-22,48.73
2016-05-29,48.9
2016-06-05,49.94
2016-06-12,47.39
2016-06-19,48.12
2016-06-26,47.09
2016-07-03,45.96
2016-07-10,45.54
2016-07-17,45.22
2016-07-24,42.55
2016-07-31,40.88
2016-08-07,43.63
2016-08-14,48.6
2016-08-21,48.65
2016-08-28,47.31
2016-09-04,47.51
2016-09-11,46.21
2016-09-18,46.24
2016-09-25,46.74
2016-10-02,49.52
2016-10-09,49.94
2016-10-16,50.33
2016-10-23,48.95
2016-10-30,44.63
2016-11-06,43.09
2016-11-13,44.01
2016-11-20,46.49
2016-11-27,48.78
2016-12-04,52.26
2016-12-11,53.26
2016-12-18,53.81
2016-12-25,54.96
2017-01-01,55.13
2017-01-08,54.02
2017-01-15,54.19
2017-01-22,54.91
2017-01-29,55.53
2017-02-05,54.48
2017-02-12,54.46
2017-02-19,55.4
2017-02-26,54.4
2017-03-05,52.78
2017-03-12,50.29
2017-03-19,50.1
2017-03-26,51.33
2017-04-02,53.28
2017-04-09,54.83
2017-04-16,52.08
2017-04-23,49.55
2017-04-30,48.7
2017-05-07,48.0
2017-05-14,51.75
2017-05-21,52.58
2017-05-28,50.23
2017-06-04,47.28
2017-06-11,46.18
2017-06-18,44.63
2017-06-25,46.16
2017-07-02,48.17
2017-07-09,47.1
2017-07-16,47.99
2017-07-23,49.95
2017-07-30,52.04
2017-08-06,51.96
2017-08-13,50.58
2017-08-20,52.03
2017-08-27,52.25
2017-09-03,53.88
2017-09-10,55.54
2017-09-17,57.03
2017-09-24,58.75
2017-10-01,56.08
2017-10-08,56.21
2017-10-15,57.78
2017-10-22,58.58
2017-10-29,61.04
2017-11-05,64.29
2017-11-12,61.52
2017-11-19,62.68
2017-11-26,63.73
2017-12-03,63.08
2017-12-10,64.35
2017-12-17,64.36
2017-12-24,66.52
2017-12-31,67.81
2018-01-07,69.47
2018-01-14,69.39
2018-01-21,70.04
2018-01-28,68.0
2018-02-04,65.5
2018-02-11,62.72
2018-02-18,65.52
2018-02-25,66.02
2018-03-04,65.12
2018-03-11,64.14
2018-03-18,67.4
2018-03-25,68.65
2018-04-01,67.03
2018-04-08,71.24
2018-04-15,73.39
2018-04-22,74.98
2018-04-29,74.42
2018-05-06,76.68
2018-05-13,78.75
2018-05-20,78.59
2018-05-27,75.35
2018-06-03,73.98
2018-06-10,74.26
2018-06-17,74.12
2018-06-24,75.24
2018-07-01,76.33
2018-07-08,75.29
2018-07-15,71.27
2018-07-22,74.0
2018-07-29,73.37
2018-08-05,71.42
2018-08-12,69.82
2018-08-19,72.77
2018-08-26,76.08
2018-09-02,76.64
2018-09-09,78.11
2018-09-16,78.97
2018-09-23,81.85
2018-09-30,85.44
2018-10-07,83.05
2018-10-14,80.41
2018-10-21,78.23
2018-10-28,74.09
2018-11-04,70.34
2018-11-11,66.21
2018-11-18,61.22
2018-11-25,58.65
2018-12-02,60.47
2018-12-09,59.51
2018-12-16,54.64
2018-12-23,51.03
2018-12-30,54.31
2019-01-06,58.64
2019-01-13,59.83
2019-01-20,61.34
2019-01-27,61.38
2019-02-03,61.71
2019-02-10,63.36
2019-02-17,66.58
2019-02-24,64.56
2019-03-03,64.73
2019-03-10,65.71
2019-03-17,67.34
2019-03-24,67.25
2019-03-31,69.54
2019-04-07,71.33
2019-04-14,70.87
2019-04-21,72.93
2019-04-28,71.59
2019-05-05,71.25
2019-05-12,73.32
2019-05-19,70.89
2019-05-26,69.29
2019-06-02,63.15
2019-06-09,63.19
2019-06-16,64.04
2019-06-23,66.51
2019-06-30,63.84
2019-07-07,65.98
2019-07-14,63.63
2019-07-21,62.8
2019-07-28,62.59
2019-08-04,57.33
2019-08-11,58.25
2019-08-18,59.57
2019-08-25,59.83
2019-09-01,60.23
2019-09-08,62.74
2019-09-15,65.56
2019-09-22,63.15
2019-09-29,59.22
2019-10-06,59.39
2019-10-13,59.32
2019-10-20,60.75
2019-10-27,60.23
2019-11-03,62.39
2019-11-10,62.56
2019-11-17,63.76
2019-11-24,64.74
2019-12-01,64.71
2019-12-08,66.5
2019-12-15,68.9
2019-12-22,68.73
2019-12-29,68.05
2020-01-05,67.93
2020-01-12,64.11
2020-01-19,62.2
2020-01-26,58.57
2020-02-02,54.59
2020-02-09,55.33
2020-02-16,58.61
2020-02-23,54.09
2020-03-01,50.7
2020-03-08,33.72
2020-03-15,25.65
2020-03-22,23.96
2020-03-29,18.72
2020-04-05,22.53
2020-04-12,20.0
2020-04-19,14.24
2020-04-26,17.05
2020-05-03,23.57
2020-05-10,28.18
2020-05-17,33.94
2020-05-24,33.7
2020-05-31,38.37
2020-06-07,39.52
2020-06-14,40.95
2020-06-21,41.69
2020-06-28,42.3
2020-07-05,43.06
2020-07-12,43.4
2020-07-19,43.57
2020-07-26,43.22
2020-08-02,44.36
2020-08-09,44.54
2020-08-16,44.79
2020-08-23,45.26
2020-08-30,43.06
2020-09-06,39.45
2020-09-13,40.77
2020-09-20,40.89
2020-09-27,39.99
2020-10-04,41.06
2020-10-11,41.32
2020-10-18,41.0
2020-10-25,37.91
2020-11-01,38.64
2020-11-08,41.87
2020-11-15,43.01
2020-11-22,46.43
2020-11-29,47.83
2020-12-06,49.32
2020-12-13,51.05
2020-12-20,50.6
2020-12-27,50.82
2021-01-03,53.31
2021-01-10,55.38
2021-01-17,55.23
2021-01-24,55.18
2021-01-31,58.22
2021-02-07,61.13
2021-02-14,63.9
2021-02-21,65.86
2021-02-28,65.94
2021-03-07,68.15
2021-03-14,66.11
2021-03-21,62.51
2021-03-28,63.68
2021-04-04,61.83
2021-04-11,64.69
2021-04-18,65.34
2021-04-25,66.96
2021-05-02,68.99
2021-05-09,68.73
2021-05-16,67.48
2021-05-23,69.02
2021-05-30,70.66
2021-06-06,71.46
2021-06-13,73.11
2021-06-20,75.41
2021-06-27,76.26
2021-07-04,76.13
2021-07-11,75.8
2021-07-18,72.2
2021-07-25,75.75
2021-08-01,72.26
2021-08-08,71.09
2021-08-15,68.08
2021-08-22,71.02
2021-08-29,73.02
2021-09-05,72.01
2021-09-12,74.13
2021-09-19,75.32
2021-09-26,78.44
2021-10-03,82.01
2021-10-10,83.87
2021-10-17,84.98
2021-10-24,84.12
2021-10-31,82.52
2021-11-07,83.39
2021-11-14,81.63
2021-11-21,80.24
2021-11-28,71.0
2021-12-05,74.79
2021-12-12,73.76
2021-12-19,73.91
2021-12-26,78.16
2022-01-02,80.5
2022-01-09,85.07
2022-01-16,89.16
2022-01-23,90.12
2022-01-30,92.77
2022-02-06,96.43
2022-02-13,97.8
2022-02-20,99.36
2022-02-27,114.43
2022-03-06,122.29
2022-03-13,109.59
2022-03-20,123.6
2022-03-27,111.26
2022-04-03,103.33
2022-04-10,105.42
2022-04-17,105.72
2022-04-24,103.92
2022-05-01,110.36
2022-05-08,107.43
2022-05-15,112.93
2022-05-22,117.66
2022-05-29,124.1
2022-06-05,127.4
2022-06-12,125.08
2022-06-19,116.83
2022-06-26,120.34
2022-07-03,113.64
2022-07-10,109.8
2022-07-17,113.53
2022-07-24,109.28
2022-07-31,102.54
2022-08-07,104.64
2022-08-14,96.73
2022-08-21,98.87
2022-08-28,95.3
2022-09-04,90.43
2022-09-11,91.41
2022-09-18,88.54
2022-09-25,87.28
2022-10-02,94.66
2022-10-09,94.62
2022-10-16,91.04
2022-10-23,93.01
2022-10-30,95.86
2022-11-06,96.08
2022-11-13,93.59
